session_id,participant_id,status,started_datetime,completed_date_time,time_taken,age,num_approvals,num_rejections,prolific_score,reviewed_at_datetime,entered_code,Country of Birth,Current Country of Residence,Employment Status,English speaking Monolingual,First Language,Hearing difficulties,Language related disorders,Nationality,Sex,Student Status,Vision
5e1f7af9928d3e2a3238b8fa,5c899c4f969e2600172b540d,APPROVED,50:04.4,00:29.5,625.08,39,173,1,100,55:25.2,3.49E+101,United States,United States,Full-Time,I only know English,English,No,none,United States,Female,No,Yes
5e20dc7c8fa1463f13409eba,5d70366ab5f5ef001796e227,APPROVED,59:21.9,11:37.5,735.617,26,222,1,100,08:34.7,3.49E+101,United States,United States,"Not in paid work (e.g. homemaker', 'retired or disabled)",I only know English,English,No,none,United States,Female,No,Yes
5e20dcbddbc6703e15d2bb96,5b33034d975e260001e981c9,APPROVED,59:29.8,10:10.6,640.884,25,270,0,100,08:35.6,3.49E+101,United States,United States,Unemployed (and job seeking),I only know English,English,No,none,United States,Female,Yes,Yes
5e20de8e8f3c653ee6e22be8,5ba3e9be458b6600015fd5d3,APPROVED,07:14.1,27:59.1,1244.966,30,200,0,100,08:37.6,3.49E+101,United States,United States,Unemployed (and job seeking),I only know English,English,No,none,United States,Female,No,Yes
5e20dea9e1fb5a000a48b10c,585dd349445a5f00019b3b7c,APPROVED,07:40.0,48:11.8,2431.755,28,196,1,100,08:40.3,3.49E+101,United States,United States,Part-Time,I only know English,English,No,none,United States,Female,No,Yes
5e20decab1627d075bc28ede,5c44ec6452eba20001da1aad,APPROVED,08:20.0,19:57.6,697.581,19,147,0,100,08:41.3,3.49E+101,United States,United States,Part-Time,I only know English,English,No,none,United States,Female,Yes,Yes
5e20ded2b510aa3e4cb3f3aa,5d86c00ef6b20e0015e20b0c,APPROVED,08:37.6,24:33.1,955.485,26,198,0,100,08:42.3,3.49E+101,United States,United States,Other,I only know English,English,No,none,United States,Female,No,Yes
5e20ded501ba2107ff524b43,5d6d5f8b9946e00017cb07aa,APPROVED,08:25.6,20:13.9,708.321,36,113,1,100,08:43.2,3.49E+101,United States,,Part-Time,I only know English,English,No,none,United States,Female,No,Yes
5e20dfd9e49f44000c00aea0,5bc6e0f93808a50001649d75,APPROVED,12:43.4,26:35.3,831.965,25,613,0,100,08:48.2,3.49E+101,United States,United States,Part-Time,I only know English,English,No,none,United States,Female,No,Yes
5e20dffe8ab7d13ef247d928,5db1fbf417a1390054114ee9,APPROVED,13:21.9,29:48.2,986.362,42,110,0,100,08:51.4,3.49E+101,United States,United States,Full-Time,I only know English,English,No,none,United States,Female,No,Yes
5e20e0168e5af53eb90f1e2c,5c9167ff0a216f00103ce299,APPROVED,13:52.6,31:33.4,1060.829,24,403,4,99,08:52.4,3.49E+101,United States,United States,Full-Time,I only know English,English,No,none,United States,Female,No,Yes
5e20e023d84c1b3ee722d972,5dbafef07da98310cf2f4e53,APPROVED,13:58.2,26:07.1,728.869,24,87,1,100,08:53.7,3.49E+101,United States,United States,Part-Time,I only know English,English,No,none,United States,Female,No,Yes
5e20e027b202033f554817a4,5d69ac222b85a000015e352f,APPROVED,14:04.2,29:35.3,931.164,34,419,2,100,08:54.6,3.49E+101,United States,United States,Full-Time,I only know English,English,No,none,United States,Female,No,Yes
5e20e05680e02e3dfa4e06de,5cbb2f0403229d0001bbecc3,APPROVED,14:51.4,25:52.3,660.892,55,185,1,100,08:56.6,3.49E+101,United States,United States,Part-Time,I only know English,English,No,none,United States,Female,No,Yes
5e20e084917ea3080816006a,5d4cc616f87bbe0001f41282,APPROVED,15:34.1,30:04.6,870.47,31,308,0,100,08:58.6,3.49E+101,United States,United States,Unemployed (and job seeking),I only know English,English,No,none,United States,Female,No,Yes
5e20e08b1dcc4c3e3351a1a6,5dd6d370194e486498e13ab6,APPROVED,15:44.0,30:50.4,906.31,45,451,1,100,08:59.6,3.49E+101,United States,United States,Full-Time,I only know English,English,No,none,United States,Female,No,Yes
5e20e092f6fe233e5bd8cf0e,5dd425314b5dd441287072d1,APPROVED,16:39.8,29:53.0,793.222,49,298,0,100,09:00.6,3.49E+101,Canada,United States,Part-Time,I only know English,English,No,none,Canada,Female,No,Yes
5e20e0934548cd4059f872ce,5cba9a8a214b1a0016ccf708,APPROVED,16:18.4,31:25.5,907.06,40,408,0,100,09:01.6,3.49E+101,United States,United States,Part-Time,I only know English,English,No,none,United States,Female,No,Yes
5e20e0c9ded49f3f51f74d3d,5cc08211a6a169000139e570,APPROVED,17:37.9,33:17.7,939.857,48,148,1,100,09:04.7,3.49E+101,United States,United States,Part-Time,I only know English,English,No,none,United States,Female,No,Yes
5e20e0d006121f3dbdc2a88f,5dd424c38ed6bf413aaa3d5b,APPROVED,17:09.1,32:35.4,926.278,47,366,2,100,09:05.7,3.49E+101,United States,United States,Full-Time,I only know English,English,No,none,United States,Female,No,Yes
5e20e0f1f3ca8c07c7462759,5d55999d80efe000014edc36,APPROVED,17:25.0,34:12.0,1007.021,40,318,0,100,09:07.6,3.49E+101,United States,United States,Full-Time,I only know English,English,No,none,United States,Female,No,Yes
5e20e120ded49f3f51f74d40,5d3b6bb933b8940001258d39,APPROVED,18:14.9,30:18.3,723.349,30,292,2,100,09:09.8,3.49E+101,United States,United States,Part-Time,I only know English,English,No,none,United States,Female,No,Yes
5e20e132ce16da3f097256d3,59d5126df35ff40001914d8e,APPROVED,20:53.6,34:47.4,833.847,60,601,5,99,09:10.9,3.49E+101,United States,United States,Full-Time,I only know English,English,No,none,United States,Female,No,Yes
5e20e14e09f08f3ec186cd3c,5a8e54c9f49c9a0001f3dc3f,APPROVED,18:54.8,30:26.4,691.617,28,856,1,100,09:11.8,3.49E+101,United States,United States,Full-Time,I only know English,English,No,none,United States,Female,No,Yes
5e20e14e2ccf3e07f1ccde66,5dbc99af4295e623e345b550,APPROVED,19:05.0,33:27.7,862.738,37,97,0,100,09:12.8,3.49E+101,United States,United States,Full-Time,I only know English,English,No,none,United States,Female,No,Yes
5e20e15e061ea83ef2823d16,5b40ff8b3d066d0001609b63,APPROVED,19:14.7,34:31.2,916.416,40,302,0,100,09:15.0,3.49E+101,United States,United States,Part-Time,I only know English,English,No,none,United States,Female,No,Yes
5e20e172e3c7193ea74fa880,5db9cbef683b6401f41cbe93,APPROVED,19:32.7,32:20.6,767.922,24,125,1,100,09:16.0,3.49E+101,United States,United States,Full-Time,I only know English,English,No,none,United States,Female,Yes,Yes
5e20e194917ea3080816006d,56b1414a9f1826000bbcc837,APPROVED,20:11.7,34:55.4,883.636,35,86,0,100,09:17.0,3.49E+101,United States,United States,Part-Time,I only know English,English,No,none,United States,Female,No,Yes
5e20e1b71160073f50bba68e,5b04acca331e8100018f76ce,APPROVED,20:42.7,38:38.1,1075.408,54,381,4,99,09:19.9,3.49E+101,United States,United States,Part-Time,I only know English,English,No,none,United States,Female,No,Yes
5e20e1cb0ffbb43f19d53f2b,55b6ed4afdf99b437183fa6f,APPROVED,21:46.6,15:28.0,3221.487,47,1313,0,100,09:21.0,3.49E+101,United States,United States,Full-Time,I only know English,English,No,none,United States,Female,No,Yes
5e20e1e1bdc7663e739638eb,5d30b9da5446e30015867f65,APPROVED,21:23.0,33:24.9,721.84,71,238,0,100,09:21.9,3.49E+101,United States,United States,Full-Time,I only know English,English,No,none,United States,Female,No,Yes
5e20e1ec50047d000c70346e,5d8270af4104eb001941224c,APPROVED,21:37.2,40:35.5,1138.316,38,365,0,100,09:22.9,3.49E+101,United States,United States,Full-Time,I only know English,English,No,none,United States,Female,No,Yes
5e20e21b1190e107a037c2a3,5c794b8a50ee2e00120bc923,APPROVED,22:34.7,41:53.3,1158.571,32,764,0,100,09:23.8,3.49E+101,United States,United States,Full-Time,I only know English,English,No,none,United States,Female,No,Yes
5e20e2215a97003e8a34fe81,5d87e122e951a10001c3811a,APPROVED,22:46.5,39:07.0,980.532,63,349,1,100,09:24.7,3.49E+101,United States,United States,Part-Time,I only know English,English,No,none,United States,Female,No,Yes
5e20e22334605707f8bcf985,5c6f00110b99a000018cc3c1,APPROVED,22:39.2,44:46.9,1327.704,22,425,3,100,09:25.6,3.49E+101,United States,United States,Unemployed (and job seeking),I only know English,English,No,none,United States,Female,Yes,Yes
5e20e2260c61143df3738496,5dc208b532b0ad172977f774,APPROVED,22:42.9,43:16.8,1233.921,20,271,1,100,09:26.7,3.49E+101,United States,United States,Unemployed (and job seeking),I only know English,English,No,none,United States,Female,Yes,Yes
5e20f460ed7a20402faa4d7c,5e0a8dc4a9955031752f8c7b,TIMED-OUT,40:19.5,,19323565.31,22,47,0,100,,,United States,United States,Part-Time,I only know English,English,No,none,United States,Female,Yes,Yes
5e20febae8ec074038e13860,5d89106d1719af0001ee23e5,APPROVED,24:26.9,39:52.5,925.629,48,537,3,100,09:27.7,3.49E+101,United States,United States,"Not in paid work (e.g. homemaker', 'retired or disabled)",I only know English,English,No,none,United States,Female,No,Yes
5e20ff6b6b2e47410177da40,5d48ef8e539810000118bf66,APPROVED,30:06.9,45:18.6,911.711,28,310,2,100,09:28.6,3.49E+101,United States,United States,Other,I only know English,English,No,"not applicable, none",United States,Female,Yes,Yes
5e20fff23c3947000cec7c0d,5dd33261fce6063503a61fd2,APPROVED,29:42.4,43:17.5,815.072,38,254,6,96,09:29.6,3.49E+101,United States,United States,Full-Time,I only know English,English,No,none,United States,Female,No,Yes
5e21071cc747c1017e59437b,5e1657044f849ec39dad9c61,APPROVED,00:12.5,10:00.5,587.951,24,305,2,100,09:30.5,3.49E+101,United States,United States,Other,I only know English,English,No,none,United States,Female,Yes,Yes
5e2f595b416dd207214513d1,5d6711a3063180001c910853,APPROVED,43:42.6,56:09.0,746.332,33,206,0,100,12:47.7,3.49E+101,United States,United States,Full-Time,I only know English,English,No,none,United States,Female,No,Yes
5e2f5c7c7e7da0000d783640,5c7018512d666100018c6227,APPROVED,56:19.5,12:55.8,996.264,22,38,0,100,12:51.5,3.49E+101,United States,United States,Part-Time,I only know English,English,No,none,United States,Female,No,Yes
5e2f5c7d0c576d51cc28776a,5b707a406f0ed10001bfb973,APPROVED,57:05.7,09:16.4,730.695,33,977,0,100,12:52.4,3.49E+101,United States,United States,Full-Time,I only know English,English,No,none,United States,Female,Yes,Yes
5e2f5ca8416dd2077a17d6c4,5c82da3d1dcc91001491b639,APPROVED,1/27/20 21:57,09:11.8,730.845,46,485,0,100,12:53.4,3.49E+101,United States,United States,Unemployed (and job seeking),I only know English,English,No,none,United States,Female,No,Yes
5e2f5d3a4417ca525259f52d,5d7c16fd15445b001a8d94af,APPROVED,59:24.8,12:00.3,755.526,41,90,0,100,12:54.3,3.49E+101,United States,United States,Full-Time,I only know English,English,No,none,United States,Female,Yes,Yes
5e2f5d756a126f5188c18156,5dd73f21e73e616e37bf44ba,APPROVED,04:48.2,16:59.1,730.975,35,302,0,100,12:55.2,3.49E+101,United States,United States,Full-Time,I only know English,English,No,none,United States,Female,No,Yes
5e2f5df8f2792a08afd52e1a,5df3fb424a2ad42de4c9d58f,APPROVED,02:37.6,15:05.7,748.082,34,34,1,100,12:58.0,3.49E+101,United States,United States,Full-Time,I only know English,English,No,none,United States,Female,No,Yes
5e2f5e334478de5206a10214,5df58b28ecb3ea3ed1ceea37,APPROVED,03:33.8,43:46.5,2412.66,25,335,3,99,13:00.8,3.49E+101,United States,United States,Unemployed (and job seeking),I only know English,English,No,"not applicable, none",United States,Female,Yes,Yes
5e2f5e3aec8a89000e312850,582afed4ce3a0e00010b3245,APPROVED,04:00.8,17:42.8,821.972,68,1013,3,100,13:01.8,3.49E+101,United States,United States,Part-Time,I only know English,English,No,none,United States,Female,No,Yes
5e2f5e51047350073d2a3c6c,5d4f27abc1ec740015d82e3a,APPROVED,04:04.3,14:35.7,631.357,25,247,0,100,13:02.7,3.49E+101,United States,United States,"Not in paid work (e.g. homemaker', 'retired or disabled)",I only know English,English,No,none,United States,Female,No,Yes
5e2f60c9ccad9c537650ba84,5b7ddf0cad1b9500010ebfc5,APPROVED,14:48.7,30:28.2,939.493,21,489,1,100,13:03.6,3.49E+101,United States,United States,Other,I only know English,English,No,none,United States,Female,Yes,Yes
5e2f7484c192b0540c18e311,56721761980a3c0011277389,TIMED-OUT,38:51.2,,18373274.91,48,380,1,100,,,United States,United States,Part-Time,I only know English,English,No,none,United States,Female,No,Yes
5e2f87ffd70e4e5524a385f0,558a035bfdf99b2d75651378,TIMED-OUT,01:51.2,,18368294.89,45,137,0,100,,,United States,United States,Part-Time,I only know English,English,No,none,United States,Female,No,Yes
5e31cfb84234ff1a9807b648,5d9130b81ac9020018831140,APPROVED,33:22.2,48:57.9,935.637,26,253,2,99,09:04.8,3.49E+101,United States,United States,Unemployed (and job seeking),I only know English,English,No,none,United States,Female,No,Yes
5e31d0da3b81ee0633115ae8,5c42b3fd7b4dcb00017f04be,APPROVED,37:26.7,53:52.4,985.737,27,105,0,100,09:05.9,3.49E+101,United States,United States,Full-Time,I only know English,English,No,none,United States,Female,Yes,Yes
5e31d2e476397a1b1e1cfc4c,5d422e095a696a0019afa849,APPROVED,48:50.6,00:26.3,695.697,46,206,1,100,09:07.0,3.49E+101,United States,United States,Unemployed (and job seeking),I only know English,English,No,none,United States,Female,No,Yes
5e31d373c55e451a6bf68c1c,5d5b74c1fe8768000131db67,APPROVED,48:42.9,59:45.5,662.56,25,545,0,100,09:10.2,3.49E+101,United States,United States,Other,I only know English,English,No,none,United States,Female,Yes,Yes
5e31ef318a9fcf1cefeeec55,5d19a7e8cbce750017df5729,APPROVED,46:44.1,59:48.4,784.322,49,253,0,100,56:27.9,3.49E+101,United States,United States,Full-Time,I only know English,English,No,none,United States,Female,No,Yes
5e31f15b0b31da000c421963,5d1e450c0a03a60001c78d83,APPROVED,58:40.8,10:56.1,735.243,27,74,0,100,56:29.1,3.49E+101,United States,United States,Full-Time,I only know English,English,No,none,United States,Female,No,Yes
5e32022fc7b20d075bf90a1b,5dd5fdd811b0bd5ac65a9b3a,APPROVED,07:48.3,24:58.3,1030,49,6,0,100,39:23.2,3.49E+101,United States,United States,"Not in paid work (e.g. homemaker', 'retired or disabled)",I only know English,English,No,none,United States,Female,No,Yes
5e33072366ba442e0ccfd6e3,5b6c312fa1fda800015fe165,APPROVED,41:15.6,55:54.8,879.157,30,655,0,100,33:28.2,3.49E+101,United States,United States,Due to start a new job within the next month,I only know English,English,No,none,United States,Female,No,Yes
5e3308ef6126062cbd522e3c,5da8893e7a7b6a0011965f84,APPROVED,48:51.1,07:19.8,1108.765,29,117,1,100,33:29.2,3.49E+101,United States,United States,Full-Time,I only know English,English,No,none,United States,Female,No,Yes
5e3309697da72c000a6b362e,5c935d881754ba001b25697a,APPROVED,50:49.6,12:35.5,1305.936,35,396,0,100,33:30.1,3.49E+101,United States,United States,Due to start a new job within the next month,I only know English,English,No,none,United States,Female,No,Yes
5e330b0283403d000a0060bf,5ac958f6436f5500010005bf,APPROVED,57:44.4,08:21.3,636.882,31,541,5,99,33:31.1,3.49E+101,United States,United States,Full-Time,I only know English,English,No,none,United States,Female,No,Yes
5e330c834d439d2d49a72a50,5e12213b6f6c638c6165dcfc,APPROVED,08:17.3,31:16.4,1379.09,31,63,0,100,33:33.9,3.49E+101,United States,United States,Part-Time,I only know English,English,No,none,United States,Female,No,Yes
5e330d0a16d4ec2db927482e,5c1587c84c29140001cdbd57,APPROVED,06:31.7,26:07.4,1175.61,23,55,0,100,33:35.7,3.49E+101,Canada,United States,"Not in paid work (e.g. homemaker', 'retired or disabled)",I only know English,English,No,none,Canada,Female,Yes,Yes
5e330d21d119d62dc7f4e22e,572cc4ec88902e00091e3e59,APPROVED,07:56.1,30:24.3,1348.184,63,113,1,100,33:36.8,3.49E+101,United States,United States,Full-Time,I only know English,English,No,none,United States,Female,No,Yes
5e330d2fbdc0672d6aa2c012,5dceb3650e56970b2b049ac2,APPROVED,06:58.6,20:56.9,838.332,28,94,0,100,33:37.7,3.49E+101,United States,United States,Full-Time,I only know English,English,No,none,United States,Female,No,Yes
5e330d38fe3cc32da2ab664f,580cab86b869700001d71628,APPROVED,07:06.6,20:00.2,773.57,57,357,1,100,33:38.7,3.49E+101,United States,United States,Other,I only know English,English,No,none,United States,Female,Yes,Yes
5e330d3922d9f62defa11855,5dbdc1d62a1dd62eb48ae957,APPROVED,07:07.6,19:52.1,764.55,20,265,0,100,33:39.6,3.49E+101,United States,United States,Part-Time,I only know English,English,No,none,United States,Female,No,Yes
5e330d8a9202d92ddd51146c,5dd602ad1b28c05ad0367ebd,APPROVED,08:38.6,24:53.7,975.16,43,75,0,100,33:40.5,3.49E+101,Jamaica,United States,Full-Time,I only know English,English,No,none,United States,Female,No,Yes
5e330dbd7c47e42e2d3d6a14,5d17eadcac37cd00175344b9,APPROVED,09:20.7,26:13.7,1013.013,29,147,1,100,33:41.4,3.49E+101,United Kingdom,United States,Full-Time,I only know English,English,No,none,United Kingdom,Female,No,Yes
5e330dfa87b8ef2d6c55313c,5c49daf27634520001c6581b,APPROVED,13:52.2,24:10.6,618.374,20,148,0,100,33:42.4,3.49E+101,United States,United States,Other,I only know English,English,No,none,United States,Female,Yes,Yes
5e330e6a4e448c2e708c61ca,5c2515f410677f0001db43f6,APPROVED,12:18.9,23:32.7,673.801,34,451,0,100,33:44.5,3.49E+101,United States,United States,"Not in paid work (e.g. homemaker', 'retired or disabled)",I only know English,English,No,none,United States,Female,No,Yes
5e330e98a736532e29fa7352,5c91252ba35c7d0001b26626,APPROVED,14:02.4,27:09.4,787.026,58,654,1,100,33:46.4,3.49E+101,United States,United States,"Not in paid work (e.g. homemaker', 'retired or disabled)",I only know English,English,No,none,United States,Female,No,Yes
5e330f0b5f649d000c7eaeb0,5c60545539a6c60001ffd3e9,APPROVED,14:57.6,34:45.8,1188.184,46,414,1,100,33:49.5,3.49E+101,United States,United States,Full-Time,I only know English,English,No,none,United States,Female,No,Yes
5e330f45e0abfd2df0152e72,5df7d36bdc853556a6747900,APPROVED,15:51.8,31:00.4,908.624,22,298,2,100,33:50.6,3.49E+101,United States,United States,Full-Time,I only know English,English,No,none,United States,Female,Yes,Yes
5e330f753db17e2dab9d55b6,5d4d6bc146fc3900174b727c,APPROVED,16:40.1,28:23.7,703.586,26,338,0,100,33:52.5,3.49E+101,United States,United States,"Not in paid work (e.g. homemaker', 'retired or disabled)",I only know English,English,No,none,United States,Female,No,Yes
5e330ffb4e6604041ced4b0d,5dcec20ed3ac2a000e43809a,APPROVED,18:53.7,41:43.5,1369.828,23,186,2,99,33:53.5,3.49E+101,United States,United States,Full-Time,I only know English,English,No,none,United States,Female,No,Yes
5e3316f69b1c9a2ea1c60951,5d1a7bb2339da6001a12b11a,APPROVED,55:11.4,08:03.9,772.475,66,622,0,100,33:56.4,3.49E+101,Germany,United States,Full-Time,I only know English,English,No,none,United States,Female,No,Yes
5e3337b4351881312f4c6fa0,5d5f31230fc94a001c632b69,APPROVED,08:20.3,25:48.8,1048.551,25,569,1,100,33:57.5,3.49E+101,United States,United States,Unemployed (and job seeking),I only know English,English,No,none,United States,Female,No,Yes
5e3454551faa2541e2227657,5d7a9bc82374e800155f2285,APPROVED,22:56.1,36:53.3,837.15,23,164,2,99,02:57.8,3.49E+101,United States,United States,Part-Time,I only know English,English,No,none,United States,Female,Yes,Yes
5e3456a06126064206c559bc,5c07361c96378a0001196024,APPROVED,32:52.9,44:01.3,668.403,27,159,2,99,02:59.0,3.49E+101,United States,United States,Due to start a new job within the next month,I only know English,English,No,none,United States,Female,No,Yes
5e3456ec21bbd24141935123,5c59f5a6215974000172b2d8,APPROVED,33:51.1,43:58.4,607.237,21,125,0,100,03:01.2,3.49E+101,United States,United States,Unemployed (and job seeking),I only know English,English,No,none,United States,Female,Yes,Yes
5e3457f1863e77000b16e206,5d61798f7ad20f001b74922e,APPROVED,38:11.4,50:30.4,739.003,27,253,1,100,03:03.9,3.49E+101,United States,United States,Other,I only know English,English,No,none,United States,Female,No,Yes
5e3459007b6a7a411a3e4816,5e1b7c078b6dfb3ab0565e50,APPROVED,43:06.7,56:06.8,780.026,32,30,0,100,03:07.8,3.49E+101,United States,United States,Full-Time,I only know English,English,No,none,United States,Female,No,Yes
5e34590aabde984252057f0c,5b0d528dee290600010f483d,APPROVED,42:56.7,53:09.3,612.541,23,588,1,100,03:09.8,3.49E+101,United States,United States,Part-Time,I only know English,English,No,none,United States,Female,No,Yes
5e346d6df26974440e4397ef,5d2713021a65ad001a3cb87c,APPROVED,10:08.7,23:24.4,795.651,21,94,0,100,24:29.5,3.49E+101,United States,United States,Other,I only know English,English,No,none,United States,Female,No,Yes
5e346dd94b29700296428538,59874dcc6ab9880001b5ade8,APPROVED,11:39.1,22:47.8,668.777,39,234,0,100,24:30.5,3.49E+101,United States,United States,Part-Time,I only know English,English,No,none,United States,Female,No,Yes
5e3b2e605da22c079f196ae3,5deedf943b1c9458a7effac5,APPROVED,07:01.4,19:39.0,757.626,25,27,0,100,17:42.1,3.49E+101,United States,United States,Part-Time,I only know English,English,No,none,United States,Female,No,Yes
5e3b2f354a509a33f636134e,5dbe5d44aab19f35c5459b57,APPROVED,13:14.8,27:53.8,878.986,44,141,0,100,17:43.1,3.49E+101,United States,United States,Other,I only know English,English,No,none,United States,Female,No,Yes
5e3b2ff7d38f33343085586c,5d975f06d0e628001793a276,APPROVED,13:29.6,26:18.8,769.259,31,123,0,100,17:45.1,3.49E+101,United States,United States,Full-Time,I only know English,English,No,none,United States,Female,Yes,Yes
5e3b304b1cf058000bb60c39,5c928a3abf2af20001363f48,APPROVED,14:56.6,27:39.7,763.111,49,34,0,100,17:47.1,3.49E+101,United States,,Part-Time,I only know English,English,No,none,United States,Female,No,Yes
5e3b3079d492f13493b124f5,595d8b55fe4a4700017a07e6,APPROVED,18:07.9,44:06.7,1558.775,20,244,1,100,17:48.0,3.49E+101,United States,United States,Unemployed (and job seeking),I only know English,English,No,none,United States,Female,Yes,Yes
5e3b313446d3c134df814600,5b6515aff7798c00018291b8,APPROVED,19:31.2,31:16.5,705.298,30,467,0,100,17:50.8,3.49E+101,United States,United States,Full-Time,I only know English,English,No,none,United States,Female,No,Yes
5e3b315b8a444d353d0a5934,596c36966956b40001c59d4e,APPROVED,22:37.3,35:25.5,768.223,21,870,1,100,17:53.1,3.49E+101,United States,United States,Full-Time,I only know English,English,No,none,United States,Female,Yes,Yes
5e3b31c28fd9113422c8af2d,5e0f69380fb798000a199566,APPROVED,21:14.3,35:35.0,860.652,40,246,1,100,17:56.1,3.49E+101,United States,United States,Part-Time,I only know English,English,No,none,United States,Female,No,Yes
5e3b31d8d8a9273478e6bac8,5d7945fd5240da0019878dff,APPROVED,21:31.4,34:54.6,803.223,50,259,1,100,17:57.3,3.49E+101,Vietnam,United States,Part-Time,I only know English,Vietnamese,No,none,United States,Female,No,Yes
5e3b320c55bcb108542f15f0,5e1b725de8a663380249e8f9,APPROVED,22:28.9,45:05.3,1356.407,53,349,0,100,17:58.4,3.49E+101,United States,United States,Full-Time,I only know English,English,No,none,United States,Female,No,Yes
5e3b323d983be7346c1ab8eb,5d62239454f7a50001c70f03,APPROVED,23:15.1,37:21.2,846.052,21,298,2,100,18:00.4,3.49E+101,United States,United States,Unemployed (and job seeking),I only know English,English,No,none,United States,Female,Yes,Yes
5e3b3243c0ac4c000c016c92,5d92c8b53e7e420017b597cc,APPROVED,23:19.9,34:22.5,662.628,18,158,0,100,18:01.3,3.49E+101,United States,United States,Unemployed (and job seeking),I only know English,English,No,none,United States,Female,Yes,Yes
5e3b328d99e2c535374e3c72,5dc2d5acdd2b771eec00db0f,APPROVED,24:32.9,40:30.6,957.744,30,405,7,97,18:03.2,3.49E+101,United States,United States,Full-Time,I only know English,English,No,none,United States,Female,No,Yes
5e3b329f3aba99347e9266b4,5db71aa75d4951000fbb2328,APPROVED,28:22.9,41:23.6,780.72,27,123,0,100,18:04.3,3.49E+101,United States,United States,Full-Time,I only know English,English,No,none,United States,Female,No,Yes
5e3b32adbba7e633d24129aa,5da905c753e5e10012d1a486,TIMED-OUT,25:06.9,,17603761.65,20,184,2,99,,,United States,United States,Part-Time,I only know English,English,No,none,United States,Female,Yes,Yes
5e3b33d2bf69e134a1af8ac8,5e0583957dd477fb29fae7dd,APPROVED,30:25.3,41:20.8,655.497,22,284,0,100,18:09.4,3.49E+101,United States,United States,Part-Time,I only know English,English,No,none,United States,Female,Yes,Yes
5e3b351f9d5f1e34cb2f0907,5dcb527b4fbc3e83034f3606,APPROVED,35:30.5,48:56.5,806.035,27,168,0,100,18:10.4,3.49E+101,United States,United States,"Not in paid work (e.g. homemaker', 'retired or disabled)",I only know English,English,No,"none, not applicable",United States,Female,No,Yes
5e3b3677d8bc953503e9429c,5e153f25dc79bdb5290738bd,TIMED-OUT,41:17.4,,17602792.35,20,192,0,100,,,United States,United States,Unemployed (and job seeking),I only know English,English,No,none,United States,Female,No,Yes
5e3b458c07c462362e953c14,5d9a7b223dbc9e02ad435c90,APPROVED,47:37.9,02:06.6,868.698,50,445,2,100,18:11.4,3.49E+101,United States,United States,Full-Time,I only know English,English,No,none,United States,Female,No,Yes
5e3b4916bf69e13619bc0ffa,5e0840192b12bd16b02895cd,APPROVED,00:40.6,16:51.9,971.268,29,260,1,100,18:12.7,3.49E+101,United States,United States,Full-Time,I only know English,English,No,none,United States,Female,No,Yes
5e3d8db55d101e0265878486,5dd6eec3dcec8768a0c1f881,APPROVED,17:57.5,29:42.7,705.221,33,241,0,100,14:18.5,3.49E+101,Canada,United States,Due to start a new job within the next month,I only know English,English,No,none,Canada,Female,No,Yes
5e3d8dcd3586aa03db48a3ff,5e0d6dee4f40fb4f60fc0494,APPROVED,20:09.6,33:14.8,785.199,28,432,0,100,14:19.4,3.49E+101,United States,United States,Unemployed (and job seeking),I only know English,English,No,none,United States,Female,No,Yes
5e3d8dd9d3b5a20442445ecc,5d88dcb723dfcc00151fd043,APPROVED,18:40.1,32:03.8,803.641,60,663,1,100,14:20.5,3.49E+101,United States,United States,Full-Time,I only know English,English,No,none,United States,Female,No,Yes
5e3d8ddba70238049c11d463,55bfa394fdf99b38606a5176,APPROVED,18:35.3,31:30.6,775.295,42,969,3,100,14:21.7,3.49E+101,United States,United States,Full-Time,I only know English,English,No,none,United States,Female,No,Yes
5e3d8e88cf4345044a24e438,5e2534721c55ad7943337a48,APPROVED,21:30.9,32:14.8,643.944,29,90,0,100,14:22.8,3.49E+101,United States,,Full-Time,I only know English,English,No,none,United States,Female,No,Yes
5e3d924d7433ab000b532754,5c0023fb2213be0001c2cdde,APPROVED,37:33.1,10:20.1,1967.029,30,350,0,100,14:24.8,3.49E+101,United States,United States,Part-Time,I only know English,English,No,none,United States,Female,No,Yes
5e3dbb208a44a303227b6d64,5d4a36e8a61675000169036f,APPROVED,31:44.3,43:32.4,708.106,36,622,1,100,53:14.3,3.49E+101,United States,United States,Full-Time,I only know English,English,No,none,United States,Female,No,Yes
5e3ddff8286fdd05ec018db1,57abc011f00139000156f638,APPROVED,08:58.6,17:18.1,499.486,35,359,2,100,43:13.2,NOCODE,United States,United States,Part-Time,I only know English,English,No,none,United States,Female,No,Yes
5e3e145206c9df000e0f74c2,5e0e32ee1d4607573dc85b1f,APPROVED,52:18.9,07:35.2,916.297,39,442,1,100,43:14.4,3.49E+101,United States,United States,Part-Time,I only know English,English,No,none,United States,Female,Yes,Yes
5e41af49f2f6bc04d61ebbf0,58570f831e70c2000128ebf6,APPROVED,31:03.3,42:12.3,669.038,42,333,0,100,36:31.7,3.49E+101,United States,United States,Full-Time,I only know English,English,No,none,United States,Female,No,Yes
5e41b8da4a5ec50541026987,5d54b73f1c1de70015d50959,APPROVED,11:15.0,33:12.6,1317.589,37,451,0,100,36:34.9,3.49E+101,United States,United States,"Not in paid work (e.g. homemaker', 'retired or disabled)",I only know English,English,No,none,United States,Female,No,Yes
5e42afb46cc3711440581a01,5d55d562e04e1c0001f5e682,APPROVED,44:20.3,55:31.5,671.208,29,437,0,100,45:45.2,3.49E+101,United States,United States,Full-Time,I only know English,English,No,none,United States,Female,No,Yes
5e42b60d498311137ea545ca,5a9262251eda410001360b2c,TIMED-OUT,16:46.9,,17111085.3,37,760,1,100,,,United States,United States,Part-Time,I only know English,English,No,none,United States,Female,No,Yes
5e751262dd3edd06b4023dd2,5dd457554a113a44c82eb78a,APPROVED,58:42.7,23:54.1,1511.437,31,27,0,100,38:30.9,3.49E+101,United States,United States,Part-Time,I only know English,English,No,none,United States,Female,No,Yes
5e7512812cbda0070447e0a6,5e5ebc2687be1a1f2d6217e2,APPROVED,59:54.9,20:32.5,1237.567,27,74,0,100,38:32.3,3.49E+101,United States,United States,Part-Time,I only know English,English,No,none,United States,Female,No,Yes
5e751290e8a6f107f6e8cd91,5e42f74f5b772a18434cabf7,APPROVED,59:54.3,20:33.8,1239.492,53,184,1,100,38:34.4,3.49E+101,United States,United States,Other,I only know English,English,No,none,United States,Female,No,Yes
5e7512a3e8230d06b67ce3c0,56d714b0fc7879000c7af790,TIMED-OUT,59:47.1,,13810911.41,34,117,0,100,,,United States,United States,Full-Time,I only know English,English,No,none,United States,Female,No,Yes
5e7512a999df850755fd0d47,5e61c57dc5c7450c344f2e82,APPROVED,04:37.2,22:09.9,1052.627,25,134,0,100,38:35.4,3.49E+101,United States,United States,"Not in paid work (e.g. homemaker', 'retired or disabled)",I only know English,English,No,none,United States,Female,Yes,Yes
5e7512b57daf36074cf54253,5e3db934d5317802c2235c8f,APPROVED,01:04.9,18:13.4,1028.538,26,76,0,100,38:37.6,3.49E+101,United States,United States,Full-Time,I only know English,English,No,none,United States,Female,Yes,Yes
5e7512d307e402075dbb1a38,5d72b189bcfd5b0001192507,APPROVED,00:41.5,17:17.3,995.774,46,213,0,100,38:38.6,3.49E+101,United States,United States,Part-Time,I only know English,English,No,none,United States,Female,No,Yes
5e7512ea5bd59208017f76c5,5e1527aba99550b4037c472f,APPROVED,01:03.0,22:05.3,1262.231,45,389,2,100,38:40.6,3.49E+101,United States,United States,Part-Time,I only know English,English,No,none,United States,Female,No,Yes
5e7512ed16fafe0796025f8e,5d686a0c535211001aa3510d,APPROVED,01:01.6,18:10.5,1028.839,22,88,0,100,38:41.7,3.49E+101,United States,United States,Due to start a new job within the next month,I only know English,English,No,none,United States,Female,Yes,Yes
5e7512f9629b77078f1f550d,5c4242e047e71a00015ca62b,APPROVED,01:15.4,16:09.2,893.734,26,392,0,100,38:43.9,3.49E+101,United States,United States,Unemployed (and job seeking),I only know English,English,No,none,United States,Female,No,Yes
5e7512ff08d2ae065bfcdfb3,5d05417d1a34960016e7457a,APPROVED,01:19.9,17:10.8,950.879,33,689,1,100,38:44.9,3.49E+101,United States,United States,Full-Time,I only know English,English,No,none,United States,Female,No,Yes
5e751305bc70c907f3f97549,5b184a76c9d3cb00010ff605,APPROVED,01:29.2,17:01.3,932.083,26,382,3,100,38:47.1,3.49E+101,United States,United States,Full-Time,I only know English,English,No,none,United States,Female,No,Yes
5e75130aea5e7e06d0f1947d,5cbc97cd214b1a0001ccfa53,APPROVED,01:33.9,20:56.8,1162.876,67,610,0,100,38:49.4,3.49E+101,United States,United States,"Not in paid work (e.g. homemaker', 'retired or disabled)",I only know English,English,No,none,United States,Female,No,Yes
5e7513153f8888077cdc2340,5d3f6bd087ee2600012908b1,APPROVED,07:55.1,22:47.6,892.512,19,312,1,100,38:55.1,3.49E+101,United States,United States,Unemployed (and job seeking),I only know English,English,No,none,United States,Female,Yes,Yes
5e7513181a79d40786c53ba7,5c04872c55614800012b7cf0,APPROVED,01:53.6,16:37.2,883.669,22,353,0,100,38:56.1,3.49E+101,United States,United States,Full-Time,I only know English,English,No,none,United States,Female,Yes,Yes
5e7513184cc50807cdc34e10,5c6a92d8a26a8500014446f7,APPROVED,02:10.8,38:52.9,2202.073,43,362,1,100,38:57.1,3.49E+101,United States,United States,Full-Time,I only know English,English,No,none,United States,Female,No,Yes
5e7515a17af082082fc85ad5,5e6b707bfab3ff120970d3c0,APPROVED,12:52.6,27:38.4,885.775,30,266,0,100,38:59.1,3.49E+101,United States,United States,"Not in paid work (e.g. homemaker', 'retired or disabled)",I only know English,English,No,none,United States,Female,Yes,Yes
5e75245833069208e7ca9781,5a9dd8b1873cda00010d18c5,APPROVED,15:20.8,45:36.2,1815.378,26,405,0,100,39:02.5,3.49E+101,United States,United States,Full-Time,I only know English,English,No,none,United States,Female,Yes,Yes
5e764bb381ea061b541cf8fe,5dd0098e01fadf0fa6c3a15f,APPROVED,15:31.7,31:32.1,960.383,34,352,1,100,42:47.5,3.49E+101,United States,United States,Part-Time,I only know English,English,No,none,United States,Female,No,Yes
5e764bba5bdda10397507556,5a5aa9dcac5624000153e6f6,TIMED-OUT,15:38.4,,13730771.45,35,539,3,100,,,United States,United States,"Not in paid work (e.g. homemaker', 'retired or disabled)",I only know English,English,No,none,United States,Female,No,Yes
5e764bbe20ab351b653d0bb2,5d07797b84ba270017199b08,APPROVED,15:42.3,42:37.9,1615.668,45,291,0,100,42:51.5,3.49E+101,United States,United States,Full-Time,I only know English,English,Yes,none,United States,Female,No,Yes
5e764bc96248381b71753941,5e10f3356aab7c7a4df7e502,APPROVED,15:58.5,35:18.5,1159.908,59,224,3,99,42:52.4,3.49E+101,United States,United States,Full-Time,I only know English,English,No,none,United States,Female,No,Yes
5e764c05632c81040f3ed662,5d1e91f879b6870001f80227,APPROVED,16:53.4,33:26.6,993.215,37,445,4,99,42:54.4,3.49E+101,United States,United States,Full-Time,I only know English,English,No,none,United States,Female,No,Yes
5e765d3dff5aee1d2b535822,5b5b455d8fb47700015830b7,APPROVED,32:46.9,47:53.4,906.526,29,1153,4,100,42:56.3,3.49E+101,United States,United States,Full-Time,I only know English,English,No,none,United States,Female,No,Yes
5e8e493742d2cd0fbbf18fdb,5e7bf5421c5c21000cc7b6e3,APPROVED,00:40.0,27:51.9,1631.903,40,279,1,100,39:47.3,3.49E+101,United States,United States,Unemployed (and job seeking),I only know English,English,No,none,United States,Female,No,Yes
5e8e49396f1e671031185d9a,5e829ea94f0f009d87c49646,APPROVED,01:05.8,16:39.7,933.844,22,61,0,100,39:48.8,3.49E+101,United States,United States,Full-Time,I only know English,English,No,none,United States,Female,No,Yes
5e8e4944d8c35910b0bd0dcd,5c1a4d7d1aea120001fdd685,APPROVED,59:37.7,14:08.0,870.237,58,748,2,100,39:51.8,3.49E+101,United States,United States,"Not in paid work (e.g. homemaker', 'retired or disabled)",I only know English,English,No,none,United States,Female,No,Yes
5e8e4949e05d6d0d48c84ec3,5e5578c220b63957aeea65dd,APPROVED,59:37.9,14:12.5,874.576,18,301,0,100,39:54.1,3.49E+101,United States,United States,Unemployed (and job seeking),I only know English,English,No,none,United States,Female,Yes,Yes
5e8e4954f0ce930f719cb2f9,5e6ecc2230764f484bcf596a,APPROVED,59:48.2,13:42.0,833.828,20,194,4,98,39:55.1,3.49E+101,United States,United States,Full-Time,I only know English,English,No,none,United States,Female,Yes,Yes
5e8e49562943020f3448b73e,5dd5c04f86c88658b24d4cde,APPROVED,59:50.4,17:32.8,1062.405,34,387,0,100,39:57.0,3.49E+101,United States,United States,Full-Time,I only know English,English,No,none,United States,Female,No,Yes
5e8e4956e05d6d0ded8624f0,5ca9e7ddbba2a70018663c8b,APPROVED,59:53.6,05:47.5,353.895,41,294,2,100,10:56.2,NOCODE,United States,United States,Full-Time,I only know English,English,No,none,United States,Female,No,Yes
5e8e495bcb8d6310134702c3,5e6e442f779df43f9b825868,APPROVED,00:00.5,17:46.0,1065.509,25,172,2,99,39:58.0,3.49E+101,United States,United States,Part-Time,I only know English,English,No,none,United States,Female,No,Yes
5e8e4967672c83109f9276da,5a454e442f91ec0001dcb66c,APPROVED,04:50.3,18:11.5,801.198,48,1233,0,100,40:02.1,3.49E+101,United States,United States,Full-Time,I only know English,English,No,none,United States,Female,No,Yes
5e8e49688818170cde653bf2,5e7c8b692730910008c30b5d,APPROVED,08:00.9,37:03.8,1742.921,21,243,0,100,40:03.1,3.49E+101,United States,United States,"Not in paid work (e.g. homemaker', 'retired or disabled)",I only know English,English,No,none,United States,Female,No,Yes
5e8e496fd5fa440ffd58cd4d,5e718a10031ef50be0aa2092,APPROVED,00:18.0,18:00.5,1062.476,19,132,0,100,40:06.3,3.49E+101,United States,United States,Other,I only know English,English,No,none,United States,Female,Yes,Yes
5e8e4a3ff5166b0fc796a259,5be8dd56d153f500019ab3cf,APPROVED,03:46.9,16:38.0,771.089,55,682,1,100,40:11.3,3.49E+101,United States,United States,Part-Time,I only know English,English,No,none,United States,Female,No,Yes
5e8e4c5429529110756a02e5,5c2fcd716ea6880001dc8e3d,APPROVED,12:36.9,34:45.6,1328.742,57,610,2,100,40:12.3,3.49E+101,United States,United States,Part-Time,I only know English,English,No,none,United States,Female,No,Yes
5e8e4e220b6b65106be7249b,5e7009ecffc1a95d7536b596,APPROVED,20:28.3,34:31.0,842.772,19,96,1,100,40:13.5,3.49E+101,United States,United States,Part-Time,I only know English,English,No,none,Philippines,Female,Yes,Yes
5e8fb9f342d2cd2bbfe41d4f,5e6bb76b2649e016e007d773,APPROVED,16:12.1,38:36.9,1344.736,30,61,3,90,32:45.8,3.49E+101,United States,,Full-Time,I only know English,English,No,none,United States,Female,No,Yes
5e8fc220a0c64c2bed6c9ff8,5dd321acc925a833a88732ef,APPROVED,47:33.5,02:02.9,869.401,22,71,0,100,32:48.4,3.49E+101,United States,United States,Full-Time,I only know English,English,No,none,Estonia,Female,Yes,Yes
5e8fc2f549a5ba2c38405639,5d953133a3dc06001b78935b,APPROVED,51:46.2,04:32.4,766.243,22,164,0,100,32:49.4,3.49E+101,United States,United States,Unemployed (and job seeking),I only know English,English,No,none,United States,Female,Yes,Yes
5e8fc303e6812e2b5bad1261,5b90379fda6b6a000107637d,APPROVED,51:19.1,25:02.7,2023.665,51,226,6,96,32:50.9,3.49E+101,United States,United States,Part-Time,I only know English,English,No,none,United States,Female,No,Yes
5e8fcbfda6620c00096affe1,5de86cf9cdff8e7edaf31148,APPROVED,32:52.2,50:00.7,1028.553,37,253,0,100,32:57.1,3.49E+101,United States,United States,"Not in paid work (e.g. homemaker', 'retired or disabled)",I only know English,English,No,none,United States,Female,No,Yes
5e8fcdd7e6812e2bc654b821,5ccc73d1449e950016505786,APPROVED,37:31.4,50:57.6,806.231,21,421,4,99,32:58.2,3.49E+101,United States,United States,Part-Time,I only know English,English,No,none,United States,Female,Yes,Yes
5e8fceb19eeb7a2d53442766,5e0778d4a2c6960f444058fa,APPROVED,41:15.4,53:42.4,747.064,29,42,0,100,32:59.7,3.49E+101,United States,United States,Full-Time,I only know English,English,No,none,United States,Female,No,Yes
5e8fcf56b233862ce50d8937,5ce1e6d227efac0018821ed2,APPROVED,43:53.7,01:50.3,1076.57,44,233,3,99,33:00.8,3.49E+101,United States,United States,Full-Time,I only know English,English,No,none,United States,Female,No,Yes
5e8fcfa542d2cd2d582e8aaa,5cd5c90f4ec23400012f5979,APPROVED,45:19.1,05:42.4,1223.282,22,67,0,100,33:01.7,3.49E+101,United States,United States,Unemployed (and job seeking),I only know English,English,No,none,United States,Female,Yes,Yes
5e90cccb375d6e0763cb9e1b,5b5fc64dde55140001381039,APPROVED,45:19.2,58:31.2,792.03,24,250,0,100,35:37.0,3.49E+101,United States,United States,Part-Time,I only know English,English,No,none,United States,Female,No,Yes
5e90ccf99cff533fe08f214a,5db61bd406bed2000e70c555,APPROVED,46:04.4,00:51.8,887.404,36,193,1,100,35:38.1,3.49E+101,United Kingdom,United States,Full-Time,I only know English,English,No,none,United States,Female,No,Yes
5e90cd78e6812e3ec9fb5844,5e7c0b47b7838b24ceb7f48b,APPROVED,48:37.6,02:15.0,817.466,24,10,0,100,35:41.0,3.49E+101,United States,United States,Unemployed (and job seeking),I only know English,English,No,none,United States,Female,No,Yes
5e90e1c2756f2c40fe330dd4,5b8fc03fab0714000113bfe5,APPROVED,14:53.6,27:37.7,764.065,34,65,0,100,13:24.1,3.49E+101,United States,United States,Full-Time,I only know English,English,No,none,United States,Female,No,Yes
5e1f7b2f5985cb06a297ff5b,5d2f46f4c30834001aeb5abc,APPROVED,51:34.2,06:14.2,880.047,37,131,0,100,55:26.2,3.49E+101,United States,United States,,I only know English,English,No,none,United States,Male,No,Yes
5e1f7bae8fa1462a4fa10dad,5ce718b96c7e0c0001ebee0b,APPROVED,56:59.7,26:59.3,1799.577,36,381,1,100,55:27.2,3.49E+101,United States,United States,Full-Time,I only know English,English,No,none,United States,Male,No,Yes
5e1f7bc247c41c05ef2a4166,5594914efdf99b5eeb772732,APPROVED,53:30.7,08:50.6,919.923,58,312,0,100,55:28.1,3.49E+101,United States,United States,Full-Time,I only know English,English,No,none,United States,Male,No,Yes
5e20db59061ea83ea0ca1242,5dd18dca3228862028374315,APPROVED,53:35.0,05:01.3,686.347,46,147,0,100,08:32.7,3.49E+101,United States,United States,Part-Time,I only know English,English,No,none,United States,Male,No,Yes
5e20db74059e9a079990548a,5ce99433c946a1001a62e53d,APPROVED,53:58.9,11:35.4,1056.512,19,120,1,100,08:33.7,3.49E+101,United States,United States,Unemployed (and job seeking),I only know English,English,No,none,United States,Male,Yes,Yes
5e20dcbfbb31cc3ea1e0bef8,5cd0fedeb4c4db000197746c,APPROVED,59:50.2,09:08.5,558.315,28,95,0,100,08:36.6,3.49E+101,United States,United States,Part-Time,I only know English,English,No,none,United States,Male,Yes,Yes
5e20de9e059e9a07386f7a12,5d75d523515c8b0001ed0e2e,APPROVED,07:30.7,19:08.0,697.226,32,338,2,100,08:39.3,3.49E+101,United States,United States,Unemployed (and job seeking),I only know English,English,No,none,United States,Male,No,Yes
5e20dee1173db43fb1accc9b,5de9e187b235fc10e990113f,APPROVED,08:36.4,24:14.9,938.495,25,61,2,97,08:44.3,3.49E+101,United States,United States,Other,I only know English,English,No,none,United States,Male,No,Yes
5e20df6a42998a3f22db8592,5c070a6576781b0001c82633,APPROVED,10:50.5,28:53.2,1082.716,32,472,0,100,08:45.3,3.49E+101,United States,United States,Part-Time,I only know English,English,No,none,United States,Male,No,Yes
5e20df8a5ea88c3f5681dfc6,5b54ce6fb7ef510001676f99,APPROVED,12:08.7,22:32.3,623.584,40,398,0,100,08:46.2,3.49E+101,United States,United States,Other,I only know English,English,No,none,United States,Male,No,Yes
5e20dfcc75dd633f10ec7f65,5da57d17349a480019dc0b69,APPROVED,17:00.9,34:02.1,1021.244,24,151,1,100,08:47.2,3.49E+101,United States,United States,Part-Time,I only know English,English,No,none,United States,Male,No,Yes
5e20dfdd9138e03eafe9dc04,5dde279d270f44d896fc1a99,APPROVED,12:49.9,26:09.5,799.586,22,101,0,100,08:49.2,3.49E+101,United States,United States,Due to start a new job within the next month,I only know English,English,No,none,United States,Male,Yes,Yes
5e20dfefe787033ea52bd99c,5e1bb090e80b8e3d626d4797,APPROVED,13:22.4,25:12.5,710.185,20,18,0,100,08:50.2,3.49E+101,Guyana,United States,Unemployed (and job seeking),I only know English,English,No,none,Guyana,Male,Yes,Yes
5e20e035aedc2c3ef9ff4c9b,5e0d416d13ec504cb9c43cbf,APPROVED,14:15.4,27:45.4,810.032,33,263,0,100,08:55.6,NOCODE,United States,United States,Unemployed (and job seeking),I only know English,English,No,none,United States,Male,No,Yes
5e20e064262a5b3e2f3db14b,5dbb43a3e3363013e84f88bf,APPROVED,15:02.8,28:42.8,820.052,33,292,1,100,08:57.7,3.49E+101,United States,United States,Part-Time,I only know English,English,No,none,United States,Male,No,Yes
5e20e0ac4a54a0000dbe7498,5dc88a6643755e5f227e0488,APPROVED,16:12.7,32:43.0,990.352,20,178,0,100,09:02.7,3.49E+101,United States,United States,Other,I only know English,English,No,none,United States,Male,Yes,Yes
5e20e0b8dac5743d98f8db24,5ddd92855daaa6d095854780,APPROVED,16:30.1,31:34.5,904.343,35,243,3,99,09:03.7,3.49E+101,United States,United States,DATA EXPIRED,I only know English,English,No,none,United States,Male,No,Yes
5e20e0ed5ade0b3e772ff7ea,5c989ea4c7f75b0001677fa8,APPROVED,17:17.6,35:59.9,1122.324,35,253,0,100,09:06.7,3.49E+101,United States,United States,Full-Time,I only know English,English,Yes,none,United States,Male,No,Yes
5e20e0fe63251a3f8dd40581,5cb044c4bfb3720012ee851d,APPROVED,17:36.5,28:36.0,659.566,24,100,0,100,09:08.6,3.49E+101,United States,United States,Unemployed (and job seeking),I only know English,English,No,none,United States,Male,Yes,Yes
5e20e14fc4edc43ea1ebed82,5c6adea52c07850001f81697,APPROVED,18:57.3,30:35.7,698.385,44,675,1,100,09:13.8,3.49E+101,United States,United States,Full-Time,I only know English,English,No,none,United States,Male,No,Yes
5e20e19a8ca1b1084a3a6161,5cee02c4f19e6300175f8cbe,APPROVED,20:13.7,35:40.3,926.551,29,145,1,100,09:18.0,3.49E+101,United States,United States,Unemployed (and job seeking),I only know English,English,No,none,United States,Male,Yes,Yes
5e20e1a0dbc6703e7e78fe5e,56f06e9ca808e7000acc505b,APPROVED,20:31.4,32:50.6,739.25,39,428,1,100,09:19.0,3.49E+101,United States,United States,Unemployed (and job seeking),I only know English,English,No,none,United States,Male,No,Yes
5e20e7b22dd6ff000bff1727,5df8f5188f1faf683e860b58,TIMED-OUT,46:15.3,,19326809.19,57,119,0,100,,,United States,United States,Full-Time,I only know English,English,No,none,Italy,Male,No,Yes
5e21e126fd14d70438990022,5c800507a1d4b900114f28c4,APPROVED,30:30.7,46:47.4,976.719,28,888,5,100,09:31.4,3.49E+101,United States,United States,"Not in paid work (e.g. homemaker', 'retired or disabled)",I only know English,English,Yes,none,United States,Male,No,Yes
5e21e59b2cce64034584bf50,5ad16f41b02aca0001272316,APPROVED,49:33.8,59:01.6,567.811,22,163,1,100,08:36.4,3.49E+101,United States,United States,Part-Time,I only know English,English,No,none,United States,Male,Yes,Yes
5e2f5ae30cded95199f6fb04,5d57a69c72ba1700184edd85,APPROVED,49:45.7,01:04.5,678.783,28,263,0,100,12:48.7,3.49E+101,United States,United States,Part-Time,I only know English,English,No,none,United States,Male,Yes,Yes
5e2f5b497d9764518feb4d6a,5de7223a521f956b1e09e6fd,APPROVED,51:22.7,02:30.6,667.903,22,80,0,100,12:49.6,3.49E+101,United States,United States,Unemployed (and job seeking),I only know English,English,No,none,United States,Male,No,Yes
5e2f5b8104db8852020d397d,5cc482bd8d2a1e001885c450,APPROVED,52:52.3,04:34.2,701.908,52,453,0,100,12:50.5,3.49E+101,United States,United States,"Not in paid work (e.g. homemaker', 'retired or disabled)",I only know English,English,No,none,United States,Male,No,Yes
5e2f5dc99a9b735216382a98,5dfa3cb64fa02a792191acd6,APPROVED,01:50.8,15:56.8,846.065,44,126,0,100,12:56.1,3.49E+101,United States,United States,Part-Time,I only know English,English,No,none,United States,Male,No,Yes
5e2f5defb71dd6525e09b5d1,5d4869cc692e5400197a980c,APPROVED,02:26.0,12:45.4,619.442,23,362,1,100,12:57.2,3.49E+101,United States,United States,Unemployed (and job seeking),I only know English,English,No,none,United States,Male,No,Yes
5e2f5e2816ab4551aaeace14,5c1a8a5e2a85450001a878cd,TIMED-OUT,03:20.2,,18379004.85,29,257,0,100,,,United States,United States,Part-Time,I only know English,English,No,none,United States,Male,No,Yes
5e2f5e2c87dd3d071a26f225,5de76eb75fb5c86d599eef3c,APPROVED,03:24.7,22:10.5,1125.755,32,218,0,100,12:59.9,3.49E+101,United States,United States,Full-Time,I only know English,English,No,none,United States,Male,No,Yes
5e2f739cdc63ca536b3a1660,5e22448c4500a2518347eb92,TIMED-OUT,34:52.8,,18373513.21,26,281,3,99,,,United States,United States,Unemployed (and job seeking),I only know English,English,No,none,United States,Male,No,Yes
5e305254383bd1041c54b088,5d4d97e3e77b5400196b1920,APPROVED,25:10.6,42:01.2,1010.657,31,235,1,100,52:19.8,3.49E+101,United States,United States,Full-Time,I only know English,English,No,none,United States,Male,No,Yes
5e318d2123f5d2161e88b091,5b5cdf5eba54280001dba05b,APPROVED,50:26.3,03:06.6,760.256,33,669,2,100,06:20.4,3.49E+101,United States,United States,Full-Time,I only know English,English,No,none,United States,Male,No,Yes
5e31d358d74b2d05b2ab3d57,5dd0fc2ccc19201a3da5f432,APPROVED,47:55.3,58:48.8,653.571,31,119,2,99,09:09.2,3.49E+101,United States,United States,Full-Time,I only know English,English,No,"none, not applicable",United States,Male,Yes,Yes
5e31f2200c25810755a3cc2f,5c51d13c60d93f00018ac3d9,APPROVED,06:55.3,45:08.8,2293.512,31,185,2,100,56:30.0,3.49E+101,United States,United States,Full-Time,I only know English,English,No,none,United States,Male,Yes,Yes
5e330c6ccf93102d823ca832,5c05f92fd30e3200016e1f52,APPROVED,03:43.5,16:47.9,784.335,37,553,0,100,33:32.1,3.49E+101,United States,United States,Full-Time,I only know English,English,No,none,United States,Male,No,Yes
5e330c7d5188d403de3ad3c2,5e164a28e632e1c21416c28e,APPROVED,04:02.5,19:09.5,906.982,23,175,1,100,33:33.0,3.49E+101,United States,United States,Unemployed (and job seeking),I only know English,English,No,none,United States,Male,No,Yes
5e330cac1647b82ccb387a03,59ad90eb9fdf6c0001cba998,APPROVED,05:30.3,16:55.6,685.354,30,348,1,100,33:34.8,3.49E+101,United States,United States,Unemployed (and job seeking),I only know English,English,No,none,United States,Male,No,Yes
5e330e604bf4622d41a556a7,5e149736e632e1a92be5738c,APPROVED,12:00.8,24:24.9,744.109,,163,6,95,33:43.6,3.49E+101,United States,United States,Other,I only know English,English,No,none,United States,Male,Yes,Yes
5e330e7b3db0372d76c6cbd9,5ddd729cbca2e4cd1f4a3a3c,APPROVED,12:40.8,30:56.3,1095.547,50,167,0,100,33:45.5,3.49E+101,United States,United States,Unemployed (and job seeking),I only know English,English,No,none,United States,Male,No,Yes
5e330ebec5ddaa2dd9e4f40d,5acb6d77e734400001da7928,APPROVED,13:37.6,23:15.9,578.303,31,637,2,100,33:47.4,3.49E+101,United States,United States,Full-Time,I only know English,English,No,none,United States,Male,Yes,Yes
5e330ed1cf7d032d6abf470c,578d3224900cc80001d2e704,APPROVED,14:12.7,24:54.2,641.543,34,853,1,100,33:48.3,3.49E+101,United States,United States,Full-Time,I only know English,English,No,none,United States,Male,No,Yes
5e330f63aa8b062dc5ab1b50,5dd59e901986eb55f1e2cb22,APPROVED,16:21.6,27:36.4,674.795,35,251,0,100,33:51.5,3.49E+101,United States,United States,Full-Time,I only know English,English,No,none,United States,Male,No,Yes
5e331490a011e62daee88db3,5a04869ff2e3460001edad2e,APPROVED,38:28.6,18:34.7,2406.121,29,1115,2,100,33:54.5,3.49E+101,United States,United States,Part-Time,I only know English,English,No,none,United States,Male,No,Yes
5e3314cac0b2892d83e787f3,5c223d4a4a7e1f000137e5b9,APPROVED,39:25.3,50:59.4,694.104,31,892,1,100,33:55.5,3.49E+101,United States,United States,Full-Time,I only know English,English,No,none,United States,Male,No,Yes
5e3456a1ce5a7241b0fd82fc,5c7de839b3af1b0001984524,APPROVED,32:37.0,42:38.3,601.311,29,271,0,100,03:00.1,3.49E+101,United States,United States,Full-Time,I only know English,English,No,none,United States,Male,No,Yes
5e345796a47ca2012345d1ff,5dc59839e4f0ff41239cb481,APPROVED,36:39.7,45:31.8,532.052,32,103,0,100,03:02.3,3.49E+101,United States,United States,Full-Time,I only know English,English,No,none,United States,Male,No,Yes
5e3457fdb8f70542479380fc,5df3f494fe10852d861c136e,APPROVED,38:24.5,50:14.9,710.324,35,51,1,99,03:04.9,3.49E+101,United States,,Full-Time,I only know English,English,No,none,United States,Male,No,Yes
5e34588cd87fbf426ad9a544,5e164a28e632e1c21416c28e,APPROVED,40:48.1,40:58.7,10.601,23,175,1,100,03:05.8,3.49E+101,United States,United States,Unemployed (and job seeking),I only know English,English,No,none,United States,Male,No,Yes
5e3458fdd01e02000b7e5bf4,5d75d523515c8b0001ed0e2e,APPROVED,42:39.5,53:07.5,627.977,32,338,2,100,03:06.8,3.49E+101,United States,United States,Unemployed (and job seeking),I only know English,English,No,none,United States,Male,No,Yes
5e34590174c904000ead2bf4,5a6032228e625900017657f4,APPROVED,43:15.9,55:01.2,705.311,27,593,4,99,03:08.7,3.49E+101,United States,United States,Part-Time,I only know English,English,No,none,Italy,Male,Yes,Yes
5e347ff6c544f644e0ebcef8,5dd86a227aa0d682d0129b05,APPROVED,29:00.1,42:13.3,793.114,20,25,0,100,18:54.8,3.49E+101,United States,United States,Unemployed (and job seeking),I only know English,English,No,none,United States,Male,Yes,Yes
5e3487bb7c47e4459f89f9ef,5df318dfde8da621c0a5b50e,APPROVED,10:13.1,21:29.6,676.598,33,186,2,99,18:55.9,3.49E+101,United States,United States,Full-Time,I only know English,English,No,none,United States,Male,No,Yes
5e3494c6a73653467a93616d,5c5c7f314fff5700017eb3b4,APPROVED,57:47.0,09:55.1,728.146,32,542,7,98,18:56.8,3.49E+101,United States,United States,Full-Time,I only know English,English,No,none,United States,Male,No,Yes
5e34a4420d436247e2c45418,5e18d7b4f835b5000a0af5bf,APPROVED,03:48.0,15:08.2,680.267,26,119,0,100,18:57.7,3.49E+101,Taiwan,United States,Unemployed (and job seeking),I only know English,Chinese,No,none,United States,Male,No,Yes
5e3b2782e03a1933cc8fcdd0,5da48557dc2ba800168e1885,APPROVED,37:22.6,48:27.3,664.709,36,477,0,100,19:00.9,3.49E+101,United States,United States,Full-Time,I only know English,English,No,none,United States,Male,No,Yes
5e3b2febf906aa351389b414,5c89870b9cef4f0001a1a295,APPROVED,13:17.6,26:47.5,809.996,27,398,3,99,17:44.1,3.49E+101,United States,United States,Unemployed (and job seeking),I only know English,English,No,none,United States,Male,No,Yes
5e3b303ec2db4f0875371018,58cbd0a55d42920001414dd3,APPROVED,15:26.5,33:27.0,1080.498,31,996,0,100,17:46.0,3.49E+101,United States,United States,Unemployed (and job seeking),I only know English,English,No,none,United States,Male,No,Yes
5e3b30ccc8aeb034415def12,59a4b7e0c9281e0001c1bc8f,APPROVED,17:08.3,33:16.9,968.607,26,141,0,100,17:49.0,3.49E+101,United States,United States,Unemployed (and job seeking),I only know English,English,No,none,United States,Male,No,Yes
5e3b30fbe3c76434fe107ccf,5dcc537e81677d8deb58a0f6,APPROVED,17:59.6,31:26.4,806.752,38,104,0,100,17:49.9,3.49E+101,United States,United States,Full-Time,I only know English,English,No,none,United States,Male,No,Yes
5e3b31410d41ad345b2eda3f,5e116834acd5ce815cc69fc6,APPROVED,20:34.3,33:35.1,780.86,25,87,1,100,17:51.8,3.49E+101,United States,United States,Unemployed (and job seeking),I only know English,English,No,none,United States,Male,Yes,Yes
5e3b318a2d2961347b3bfa2d,56e0a6c9907c12000ae4882c,APPROVED,20:13.3,35:33.5,920.218,39,88,0,100,17:54.1,3.49E+101,United States,United States,Full-Time,I only know English,English,No,none,United States,Male,No,Yes
5e3b31ae5b90d207e4ec89b0,5c5c65f82b9837000195da29,APPROVED,21:55.9,36:26.3,870.409,68,540,0,100,17:55.0,3.49E+101,United States,United States,"Not in paid work (e.g. homemaker', 'retired or disabled)",I only know English,English,No,none,United States,Male,No,Yes
5e3b323112cf4f07ed856d4a,5d7df1d0cb35810017c8cf8c,APPROVED,23:01.4,35:55.8,774.476,26,109,1,100,17:59.4,3.49E+101,United States,United States,Part-Time,I only know English,English,No,none,United States,Male,Yes,Yes
5e3b324f5da22c0850a6befc,5dfc48e70108e5952da3cc11,APPROVED,25:24.8,37:57.3,752.488,23,94,1,100,18:02.3,3.49E+101,United States,United States,Due to start a new job within the next month,I only know English,English,No,none,United States,Male,Yes,Yes
5e3b332d55be5b34e0e39352,5dadfba804a8070016d5dc68,APPROVED,27:16.4,39:33.2,736.819,35,232,0,100,18:05.4,3.49E+101,United Kingdom,United States,Other,I only know English,English,No,none,United Kingdom,Male,No,Yes
5e3b3364e4a925350fff500d,5e178a7e8600ac000c3fe84e,APPROVED,28:07.9,40:45.9,758.013,21,14,0,100,18:06.5,3.49E+101,United States,United States,Unemployed (and job seeking),I only know English,English,No,none,United States,Male,Yes,Yes
5e3b33b30014e2353380caaf,59ace492321f870001d16fcb,APPROVED,29:24.0,42:12.3,768.375,28,123,0,100,18:07.5,3.49E+101,United States,United States,Unemployed (and job seeking),I only know English,English,No,none,United States,Male,No,Yes
5e3b33c2c2db4f0823102db1,5dc32687547c1f24648b7c23,APPROVED,29:42.4,48:39.2,1136.755,31,357,5,99,18:08.5,3.49E+101,United States,United States,Part-Time,I only know English,English,No,none,United States,Male,No,Yes
5e3d76e7cc157b02d5791636,5de1986c040f531f97eb6092,APPROVED,40:42.4,50:18.1,575.732,34,610,2,100,38:57.5,3.49E+101,United States,United States,Full-Time,I only know English,English,No,none,United States,Male,No,Yes
5e3d8f68cae2ad03f5562a83,5dc7248de4f0ff518d0cfe90,APPROVED,26:36.0,30:35.0,3839.005,39,586,9,98,14:23.8,3.49E+101,United States,United States,Full-Time,I only know English,English,No,none,United States,Male,No,Yes
5e41cfaf7e337306b1c14d05,5bd47734506cd3000101d181,APPROVED,48:37.8,59:56.7,678.897,30,652,5,99,36:38.8,3.49E+101,United States,United States,Full-Time,I only know English,English,No,none,United States,Male,No,Yes
5e42ae995bb25713a11e9979,5e25c1a57d6cd1000cf870b8,APPROVED,39:41.8,58:28.4,1126.618,33,299,3,99,45:47.8,3.49E+101,United States,United States,Full-Time,I only know English,English,No,none,United States,Male,No,Yes
5e42c721bccfd0000d78467e,5de7b7fe4f21b471a884c36e,APPROVED,24:22.6,47:24.0,1381.376,50,149,1,100,45:42.3,3.49E+101,United States,United States,Full-Time,I only know English,English,No,none,United States,Male,No,Yes
5e751235bb0d6107c62f25d3,5e3314fe267efd2ebde4adc7,APPROVED,58:08.8,14:39.9,991.061,,167,2,99,38:28.4,3.49E+101,United States,United States,Part-Time,I only know English,English,No,none,United States,Male,No,Yes
5e7512371c906f0832cfa12c,5e6c4892852f282120547001,APPROVED,05:03.6,22:29.1,1045.436,19,10,0,100,38:29.7,3.49E+101,Philippines,United States,Unemployed (and job seeking),I only know English,Tagalog-Filipino,No,none,Philippines,Male,No,Yes
5e751289a6d16907305705b5,5cbf40e256e0b40017a60d2f,APPROVED,59:24.6,15:22.1,957.562,22,82,0,100,38:33.4,3.49E+101,Canada,United States,Other,I only know English,English,No,none,United States,Male,Yes,Yes
5e7512a9ea1c7f0668a7f1c7,5dfa88220826757e37a19403,APPROVED,59:57.2,14:54.4,897.249,23,137,0,100,38:36.4,3.49E+101,United States,United States,Part-Time,I only know English,English,No,none,United States,Male,Yes,Yes
5e7512de17134607a09d4e94,5c707357011e2900019d3707,APPROVED,01:20.1,15:56.1,875.931,25,214,0,100,38:39.6,3.49E+101,United States,United States,Full-Time,I only know English,English,No,none,United States,Male,No,Yes
5e7512edb6b589072a700760,5e2be6efe179572183644844,APPROVED,01:04.7,18:52.8,1068.07,44,339,0,100,38:42.9,3.49E+101,United States,United States,Full-Time,I only know English,English,No,none,United States,Male,No,Yes
5e751305664f480716a6a70b,5e6ae4eb0329500ae3f82134,APPROVED,01:29.3,20:04.7,1115.36,20,100,0,100,38:45.9,3.49E+101,United States,United States,Part-Time,I only know English,English,No,none,India,Male,Yes,Yes
5e75130910ac3007e40c93e2,5de0b69ba91be311cb773b0b,APPROVED,07:14.9,21:51.3,876.374,19,224,0,100,38:48.2,3.49E+101,United States,United States,Other,I only know English,English,No,none,United States,Male,No,Yes
5e75130c857c6606a818726f,5e1a10b9e8a66327ebe86b79,APPROVED,01:53.6,20:21.4,1107.78,70,324,0,100,38:50.5,3.49E+101,United States,United States,Part-Time,I only know English,English,No,none,United States,Male,No,Yes
5e75130fc13971070ef92766,5be1cda184a0cc000170fd51,APPROVED,01:38.8,16:51.3,912.527,54,309,3,99,38:51.7,3.49E+101,United States,United States,Due to start a new job within the next month,I only know English,English,No,none,United States,Male,No,Yes
5e7513120621fa07bfdce35b,5a924e23873cda0001dc55e2,APPROVED,01:38.2,16:40.3,902.117,22,223,0,100,38:52.7,3.49E+101,United States,United States,Part-Time,I only know English,English,No,none,United States,Male,Yes,Yes
5e7513127daf3606f2592de4,5e233cddc176f05eb292e2d5,APPROVED,05:00.4,21:54.2,1013.756,29,348,8,96,38:53.7,3.49E+101,United States,United States,Full-Time,I only know English,English,No,none,United States,Male,No,Yes
5e751318a4275407ca018a8f,5afafdf27245f60001157545,APPROVED,07:33.8,22:33.5,899.643,28,675,0,100,38:58.1,3.49E+101,United States,United States,Full-Time,I only know English,English,No,none,United States,Male,No,Yes
5e75178d74df22072d26315f,5dd321de568ca5331021fb2b,APPROVED,20:49.2,37:47.3,1018.146,47,509,0,100,39:00.5,3.49E+101,United States,United States,Unemployed (and job seeking),I only know English,English,No,none,United States,Male,No,Yes
5e751e76c397f0083e6a8110,5e4a833ea1b43a000cecd75b,APPROVED,50:14.7,05:59.0,944.334,28,478,0,100,39:01.5,3.49E+101,United States,United States,Full-Time,I only know English,English,No,none,United States,Male,No,Yes
5e764bb756b26e1b6fe61b0f,5b6bf0237f92050001a51d89,APPROVED,15:35.6,35:17.0,1181.344,31,173,2,99,42:48.4,3.49E+101,United States,United States,Full-Time,I only know English,English,No,"none, not applicable",United States,Male,Yes,Yes
5e764bb85369a01bb3cd88b1,5ab85787a3ba7a0001b41428,APPROVED,15:36.9,43:17.6,1660.753,32,679,2,100,42:49.6,3.49E+101,United States,United States,Full-Time,I only know English,English,No,none,United States,Male,No,Yes
5e764bbd4cbcdf1bb08e0d1d,5acc2d21436f550001003111,APPROVED,15:47.7,33:33.9,1066.177,29,560,3,100,42:50.5,3.49E+101,United States,United States,Full-Time,I only know English,English,No,none,United States,Male,No,Yes
5e764bcd1967e71b36f71a9d,5d461ca8597d3a001694dd9f,APPROVED,15:57.6,33:29.8,1052.171,37,314,0,100,42:53.3,3.49E+101,United States,United States,DATA EXPIRED,I only know English,English,No,none,United States,Male,DATA EXPIRED,Yes
5e764e30ac9a37000cc62f05,5e3b0c1e96942c0564ce3018,APPROVED,26:08.3,45:10.3,1142.075,44,383,0,100,42:55.3,3.49E+101,United States,United States,"Not in paid work (e.g. homemaker', 'retired or disabled)",I only know English,English,No,none,United States,Male,No,Yes
5e78ce8518ee0e4541644812,59288c238bc6770001fc1d6e,APPROVED,05:49.8,23:19.0,1049.169,22,758,7,99,27:21.7,3.49E+101,United States,United States,Part-Time,I only know English,English,No,none,United States,Male,Yes,Yes
5e78cebd4ffe9945aa6d08ba,5d47292b4bfe1600016925ac,APPROVED,00:29.7,16:36.2,966.534,27,367,2,100,27:22.7,3.49E+101,United States,United States,Full-Time,I only know English,English,No,none,United States,Male,No,Yes
5e8e492eac5c6d0d670d5b0f,5def27aabc4b5c5ccd461dd3,APPROVED,03:27.4,18:22.6,895.175,19,237,0,100,39:44.1,3.49E+101,United States,United States,Unemployed (and job seeking),I only know English,English,No,none,United States,Male,Yes,Yes
5e8e492fbb7e470cbde2dd03,5de7d7bccdff8e749abf25da,APPROVED,59:11.9,24:23.5,1511.667,25,238,0,100,39:45.3,3.49E+101,United States,United States,Part-Time,I only know English,English,No,none,United States,Male,Yes,Yes
5e8e492ff84fbf10845bb3bf,5e573ba5ad27610fa25300aa,APPROVED,59:54.2,11:47.9,713.775,20,260,0,100,39:46.2,3.49E+101,United States,United States,Unemployed (and job seeking),I only know English,English,No,none,United States,Male,Yes,Yes
5e8e493d917d9010c0b5d3de,5e8a303d9a92e402f46f6361,APPROVED,04:02.1,17:42.7,820.6,20,68,0,100,39:49.8,3.49E+101,United States,United States,"Not in paid work (e.g. homemaker', 'retired or disabled)",I only know English,English,No,none,United States,Male,Yes,Yes
5e8e493e5763b20baf8740fd,5cc619058d2a1e001785c3aa,APPROVED,59:26.7,21:39.2,1332.474,21,121,0,100,39:50.8,3.49E+101,United States,United States,Unemployed (and job seeking),I only know English,English,No,none,United States,Male,Yes,Yes
5e8e4947a9e4ef0f0ebbfd52,5dd1d1a051db1c23a1751a85,APPROVED,00:13.5,13:52.0,818.433,34,205,0,100,39:52.9,3.49E+101,United States,United States,Full-Time,I only know English,English,No,none,United States,Male,No,Yes
5e8e495504391d0fefe902d1,5d615f7632cfbd001b1b6dcb,APPROVED,59:49.8,18:01.0,1091.196,71,704,2,100,39:56.1,3.49E+101,United States,United States,"Not in paid work (e.g. homemaker', 'retired or disabled)",I only know English,English,No,none,United States,Male,No,Yes
5e8e49616c1dea10ab62b43d,5e50457db5592809a2a50cc4,APPROVED,03:47.7,26:28.5,1360.801,61,225,0,100,39:59.2,3.49E+101,United States,United States,"Not in paid work (e.g. homemaker', 'retired or disabled)",I only know English,English,No,none,United States,Male,No,Yes
5e8e4967146f640cce0bb6c4,5e73b2c44bccf231dc550e9b,APPROVED,07:43.4,23:23.6,940.174,26,120,0,100,40:00.2,3.49E+101,United States,United States,Full-Time,I only know English,English,No,none,United States,Male,No,Yes
5e8e496728369e0cf2575112,5e7943283da1364fd72556f5,APPROVED,02:27.6,17:54.3,926.725,28,119,0,100,40:01.2,3.49E+101,United States,United States,Part-Time,I only know English,English,No,none,United States,Male,No,Yes
5e8e496d29430210559409a8,5ce610802be975001b46f0ac,APPROVED,00:18.9,11:31.6,672.699,21,360,1,100,40:04.3,3.49E+101,United States,United States,Part-Time,I only know English,English,No,none,United States,Male,Yes,Yes
5e8e496dc5570c0ff8bc5c51,5de8703bead0f17ea717e155,APPROVED,08:35.1,56:57.2,2902.081,23,400,4,99,52:48.2,NOCODE,United States,United States,Full-Time,I only know English,English,No,none,United States,Male,No,Yes
5e8e496dd1aa0d0f9d51d455,5e8118a6c13dec813441c1c1,APPROVED,00:24.8,16:13.2,948.441,18,181,0,100,40:05.3,3.49E+101,United States,United States,Part-Time,I only know English,English,No,none,United States,Male,Yes,Yes
5e8e4978473d040f9156a4a0,5d6fbd3f9ba41b0018d20082,APPROVED,08:13.5,26:33.7,1100.189,59,776,2,100,40:07.2,3.49E+101,United States,United States,Full-Time,I only know English,English,No,none,United States,Male,No,Yes
5e8e4978d053330e8d9627c7,5e7ac2fed44d42000b4f4115,APPROVED,00:24.4,14:12.0,827.617,49,199,2,99,40:08.3,3.49E+101,United States,United States,Full-Time,I only know English,English,No,none,United States,Male,No,Yes
5e8e4978e2bcb30fb476de63,5e801cdb4f63947143efce35,APPROVED,00:28.7,22:05.0,1296.317,20,231,0,100,40:09.3,3.49E+101,United States,United States,Full-Time,I only know English,English,No,none,United States,Male,Yes,Yes
5e8e497cf8e15810004b3034,5e8b7c36fc9f9e046bd7aa13,APPROVED,02:18.2,16:30.1,851.899,29,42,0,100,40:10.3,3.49E+101,United States,United States,Full-Time,I only know English,English,No,none,United States,Male,Yes,Yes
5e8e5383473d04105690971e,5e3202b526c59107b213738b,APPROVED,43:15.0,54:30.6,675.581,25,292,5,98,40:14.5,3.49E+101,United States,United States,Full-Time,I only know English,English,No,none,United States,Male,No,Yes
5e8fc44f1bd6f713d5394cc2,5c32d4860091e40001cc7d1c,APPROVED,05:15.8,23:18.9,1083.069,21,189,2,99,32:51.9,3.49E+101,United States,United States,Part-Time,I only know English,English,No,none,United States,Male,Yes,Yes
5e8fc913eca0a02ce5db97f8,5dc97276b98b12697204526d,APPROVED,17:16.2,34:06.4,1010.144,19,53,0,100,32:54.4,3.49E+101,United States,United States,Unemployed (and job seeking),I only know English,English,No,none,United States,Male,Yes,Yes
5e8fcbe09b5ff02d175068b6,5dbf81ecd8191041283a9378,APPROVED,30:11.0,56:34.5,1583.445,31,140,3,98,32:55.5,3.49E+101,United States,United States,"Not in paid work (e.g. homemaker', 'retired or disabled)",I only know English,English,No,none,United States,Male,No,Yes
5e90cd0a6aeaa70be16c5795,5b2913910ec82d0001d2578d,APPROVED,46:30.7,59:49.9,799.169,27,113,1,100,35:38.9,3.49E+101,United States,United States,Part-Time,I only know English,English,No,not applicable,United States,Male,No,Yes
5e90cd3bc38d4a402875ea27,5e3f1fa7f459231841ed03b3,APPROVED,47:31.3,01:07.9,816.615,50,81,0,100,35:40.1,3.49E+101,United States,United States,Full-Time,I only know English,English,No,none,United Kingdom,Male,No,Yes
5eb2c8ffd8bf9505ddd0f95b,5e42cd8ba3b8cc1602e23371,APPROVED,26:43.5,40:42.2,838.625,26,207,0,100,13:32.4,3.49E+101,United States,United States,Unemployed (and job seeking),I only know English,English,No,none,United States,Male,No,Yes
5e2f5e0f3d430b067596f11f,5d619ce22f53a30017e55e56,APPROVED,02:57.6,24:18.6,1281.003,25,185,1,100,12:58.9,3.49E+101,United Kingdom,United States,"Not in paid work (e.g. homemaker', 'retired or disabled)",I only know English,English,No,none,United Kingdom,Prefer not to say,No,Yes
5eb1cac37fc5b811036c2c5a,5ea876f4ea2ee42be043746d,APPROVED,21:56.6,35:35.7,819.192,38,34,0,100,25:18.0,3.49E+101,United States,United States,Full-Time,I only know English,English,No,none,United States,Prefer not to say,No,Yes
session_id,participant_id,status,started_datetime,completed_date_time,time_taken,age,num_approvals,num_rejections,prolific_score,reviewed_at_datetime,entered_code,Country of Birth,Current Country of Residence,Employment Status,English speaking Monolingual,First Language,Hearing difficulties,Language related disorders,Nationality,Sex,Student Status,Vision